model_name,vectorizer__max_df,vectorizer__max_features,vectorizer__min_df,vectorizer__ngram_range,vectorizer__stop_words,score,specificity,sensitivity,misclassification_rate,misclassified_rows,tvec__max_df,tvec__max_features,tvec__min_df,tvec__ngram_range,tvec__stop_words,rf__ccp_alpha,rf__max_depth,rf__max_features,rf__n_estimators,svc__C,svc__degree,svc__kernel
model_1,0.7,3000.0,1.0,"(1, 1)",,0.9076119402985074,92.55,89.09,9.18,"(array([   2,   12,   18,   52,   66,   67,   74,   76,   79,   82,   96,
        110,  129,  140,  158,  174,  187,  201,  209,  223,  229,  240,
        248,  274,  282,  292,  294,  296,  299,  310,  314,  316,  317,
        331,  339,  347,  352,  366,  377,  394,  396,  409,  421,  435,
        461,  469,  481,  495,  510,  515,  516,  519,  525,  532,  540,
        563,  565,  576,  593,  603,  619,  625,  639,  644,  646,  655,
        659,  689,  706,  718,  737,  749,  768,  773,  778,  797,  798,
        830,  836,  837,  844,  892,  906,  911,  922,  946,  948,  954,
        971,  988, 1002, 1004, 1011, 1043, 1060, 1064, 1069, 1090, 1101,
       1107, 1110, 1112, 1142, 1143, 1159, 1179, 1180, 1192, 1195, 1200,
       1202, 1214, 1220, 1234, 1248, 1252, 1280, 1281, 1298, 1310, 1331,
       1342, 1352, 1363, 1368, 1381, 1393, 1408, 1425, 1428, 1436, 1444,
       1451, 1472, 1475, 1489, 1518, 1525, 1543, 1553, 1559, 1580, 1586,
       1588, 1607, 1612, 1637, 1639, 1666, 1671, 1675, 1684, 1697, 1699,
       1703, 1711, 1735, 1776, 1796, 1837, 1843, 1846, 1866, 1881, 1886,
       1904, 1930, 1950, 1955, 1964, 2009, 2026, 2028, 2031, 2032, 2034,
       2036, 2069, 2089, 2092, 2108, 2114, 2127, 2142, 2143, 2181, 2188,
       2192, 2193, 2197, 2201, 2204, 2208, 2211, 2214, 2217, 2221, 2224,
       2243, 2248, 2255, 2257, 2258, 2267, 2270, 2283, 2297, 2302, 2331,
       2334, 2351, 2361, 2375, 2385, 2394, 2408, 2435, 2457, 2461, 2484,
       2489, 2497, 2510, 2516, 2534, 2538, 2545, 2552, 2557, 2560, 2579,
       2589, 2595, 2608, 2613, 2655, 2662, 2666, 2668, 2691, 2698, 2723,
       2724, 2727, 2728, 2739, 2747, 2755, 2773, 2782, 2804, 2812, 2819,
       2826, 2829, 2846, 2850, 2861, 2869, 2876, 2880, 2882, 2884, 2924,
       2937, 2944, 2951, 2977, 2985, 2989, 3010, 3042, 3048, 3049, 3057,
       3059, 3061, 3089, 3105, 3106, 3113, 3114, 3119, 3121, 3124, 3133,
       3136, 3139, 3154, 3168, 3178, 3188, 3203, 3208, 3221, 3227, 3232,
       3247, 3255, 3270, 3287, 3290, 3292]),)",,,,,,,,,,,,
model_3,0.7,3000.0,1.0,"(1, 1)",,0.9111940298507463,88.61,94.48,8.45,"(array([  12,   52,   58,   66,   67,   76,   94,  110,  129,  132,  136,
        164,  165,  178,  187,  201,  209,  243,  249,  276,  277,  279,
        291,  296,  299,  308,  314,  316,  336,  338,  346,  347,  369,
        374,  381,  396,  406,  409,  413,  421,  435,  443,  461,  481,
        510,  515,  525,  532,  540,  551,  563,  565,  603,  617,  619,
        623,  625,  637,  646,  652,  655,  659,  667,  701,  706,  749,
        759,  768,  778,  796,  797,  828,  837,  849,  861,  871,  887,
        892,  903,  906,  911,  918,  922,  933,  948,  954,  958,  960,
        970,  978,  982, 1002, 1004, 1011, 1021, 1064, 1083, 1090, 1094,
       1101, 1110, 1134, 1143, 1144, 1149, 1175, 1179, 1180, 1181, 1189,
       1192, 1200, 1202, 1220, 1229, 1248, 1252, 1280, 1301, 1306, 1331,
       1363, 1372, 1391, 1393, 1396, 1408, 1411, 1428, 1436, 1443, 1444,
       1451, 1472, 1489, 1497, 1543, 1545, 1548, 1551, 1553, 1554, 1586,
       1588, 1608, 1626, 1632, 1637, 1639, 1646, 1666, 1667, 1675, 1684,
       1703, 1735, 1741, 1742, 1771, 1796, 1819, 1822, 1839, 1843, 1874,
       1888, 1930, 1938, 1944, 1950, 1964, 1967, 1970, 1972, 1974, 2009,
       2026, 2034, 2036, 2060, 2063, 2069, 2092, 2108, 2122, 2127, 2142,
       2150, 2151, 2170, 2181, 2188, 2192, 2201, 2214, 2236, 2248, 2255,
       2260, 2265, 2273, 2294, 2296, 2303, 2314, 2331, 2334, 2351, 2354,
       2364, 2375, 2385, 2394, 2408, 2453, 2481, 2484, 2504, 2516, 2531,
       2549, 2557, 2567, 2580, 2595, 2608, 2613, 2655, 2663, 2668, 2691,
       2705, 2711, 2727, 2739, 2747, 2773, 2778, 2779, 2812, 2819, 2830,
       2861, 2876, 2882, 2884, 2925, 2937, 2944, 2950, 2951, 2977, 2983,
       3010, 3026, 3049, 3057, 3061, 3081, 3100, 3106, 3109, 3119, 3127,
       3130, 3139, 3154, 3168, 3169, 3178, 3180, 3213, 3221, 3227, 3247,
       3255, 3260, 3268, 3298]),)",,,,,,,,,,,,
model_7,0.8,4000.0,1.0,"(1, 1)",english,0.9083582089552239,87.39,92.91,9.85,"(array([  36,   52,   58,   64,   67,   94,  100,  104,  132,  135,  137,
        147,  165,  178,  187,  209,  243,  249,  266,  274,  276,  279,
        291,  296,  299,  308,  310,  313,  314,  346,  347,  351,  363,
        369,  374,  381,  396,  398,  400,  402,  403,  409,  413,  421,
        435,  443,  451,  463,  515,  517,  528,  532,  540,  551,  552,
        563,  587,  593,  595,  603,  617,  619,  623,  629,  632,  637,
        646,  656,  659,  667,  672,  692,  701,  706,  709,  745,  747,
        768,  796,  797,  830,  848,  849,  852,  861,  864,  871,  881,
        887,  892,  903,  906,  911,  913,  918,  926,  933,  948,  951,
        954,  958,  970,  978,  994, 1002, 1004, 1021, 1053, 1064, 1067,
       1069, 1094, 1097, 1101, 1113, 1134, 1142, 1149, 1175, 1180, 1181,
       1192, 1195, 1202, 1214, 1215, 1220, 1234, 1238, 1248, 1252, 1265,
       1280, 1283, 1299, 1306, 1321, 1331, 1359, 1361, 1372, 1391, 1393,
       1396, 1408, 1411, 1423, 1427, 1428, 1444, 1451, 1472, 1484, 1489,
       1497, 1515, 1516, 1522, 1525, 1531, 1532, 1543, 1545, 1554, 1559,
       1567, 1586, 1588, 1608, 1612, 1621, 1626, 1632, 1637, 1646, 1654,
       1667, 1675, 1684, 1693, 1742, 1771, 1796, 1819, 1820, 1837, 1839,
       1843, 1845, 1874, 1944, 1950, 1967, 1972, 1974, 1975, 2005, 2022,
       2026, 2028, 2034, 2036, 2060, 2062, 2069, 2092, 2098, 2104, 2122,
       2133, 2145, 2150, 2159, 2160, 2170, 2181, 2188, 2192, 2201, 2208,
       2214, 2224, 2229, 2248, 2255, 2258, 2260, 2265, 2267, 2296, 2302,
       2303, 2318, 2328, 2331, 2351, 2354, 2375, 2385, 2387, 2394, 2408,
       2435, 2448, 2453, 2458, 2468, 2481, 2484, 2504, 2516, 2523, 2531,
       2549, 2552, 2557, 2561, 2567, 2591, 2608, 2613, 2629, 2634, 2655,
       2668, 2672, 2691, 2698, 2711, 2723, 2724, 2735, 2747, 2773, 2778,
       2779, 2782, 2812, 2814, 2819, 2826, 2828, 2830, 2861, 2876, 2884,
       2885, 2886, 2925, 2937, 2940, 2944, 2951, 2969, 2977, 2983, 3000,
       3005, 3010, 3057, 3061, 3066, 3081, 3093, 3100, 3104, 3109, 3119,
       3130, 3139, 3150, 3158, 3168, 3169, 3173, 3178, 3180, 3203, 3221,
       3223, 3239, 3243, 3247, 3260, 3283]),)",,,,,,,,,,1.0,,
model_9,0.8,3000.0,1.0,"(1, 1)",,0.9086567164179102,88.48,93.15,9.18,"(array([  58,   66,   67,   94,  104,  110,  129,  132,  136,  165,  178,
        185,  187,  201,  209,  223,  243,  249,  266,  276,  277,  279,
        291,  296,  299,  313,  314,  316,  336,  338,  339,  346,  347,
        363,  369,  374,  381,  393,  396,  402,  406,  409,  413,  421,
        435,  443,  451,  459,  463,  481,  510,  515,  528,  532,  540,
        551,  552,  563,  565,  603,  617,  619,  623,  625,  637,  645,
        646,  652,  655,  659,  667,  694,  695,  701,  706,  768,  772,
        796,  797,  819,  828,  848,  849,  861,  864,  871,  887,  892,
        903,  906,  911,  918,  930,  933,  948,  951,  954,  958,  970,
        971,  978,  982,  986, 1002, 1004, 1011, 1021, 1053, 1064, 1083,
       1094, 1101, 1110, 1134, 1143, 1149, 1175, 1181, 1192, 1200, 1202,
       1220, 1248, 1252, 1280, 1283, 1292, 1299, 1306, 1311, 1331, 1363,
       1372, 1391, 1393, 1396, 1408, 1411, 1423, 1428, 1444, 1451, 1467,
       1472, 1489, 1497, 1516, 1543, 1548, 1554, 1559, 1586, 1588, 1608,
       1612, 1626, 1632, 1637, 1646, 1666, 1667, 1675, 1684, 1703, 1735,
       1742, 1770, 1771, 1796, 1819, 1822, 1839, 1843, 1845, 1874, 1930,
       1938, 1944, 1950, 1967, 1970, 1972, 1974, 2009, 2026, 2028, 2034,
       2036, 2050, 2060, 2063, 2069, 2073, 2079, 2092, 2098, 2104, 2108,
       2116, 2122, 2127, 2142, 2150, 2151, 2159, 2160, 2170, 2181, 2188,
       2192, 2196, 2201, 2214, 2221, 2224, 2248, 2255, 2258, 2260, 2265,
       2267, 2303, 2306, 2314, 2318, 2328, 2331, 2351, 2354, 2364, 2375,
       2385, 2390, 2394, 2408, 2435, 2453, 2481, 2482, 2484, 2495, 2504,
       2516, 2523, 2531, 2549, 2557, 2567, 2591, 2595, 2608, 2613, 2634,
       2655, 2663, 2668, 2670, 2691, 2711, 2727, 2735, 2739, 2747, 2773,
       2778, 2779, 2812, 2819, 2830, 2861, 2876, 2882, 2884, 2925, 2937,
       2944, 2950, 2969, 2977, 3010, 3057, 3061, 3066, 3081, 3100, 3106,
       3109, 3119, 3127, 3130, 3139, 3154, 3168, 3169, 3178, 3180, 3221,
       3227, 3247, 3255, 3260, 3279, 3298]),)",,,,,,,,,,,1.0,linear
model_11,0.7,3000.0,1.0,"(1, 1)",,0.9076119402985074,92.55,89.09,9.18,"(array([   2,   12,   18,   52,   66,   67,   74,   76,   79,   82,   96,
        110,  129,  140,  158,  174,  187,  201,  209,  223,  229,  240,
        248,  274,  282,  292,  294,  296,  299,  310,  314,  316,  317,
        331,  339,  347,  352,  366,  377,  394,  396,  409,  421,  435,
        461,  469,  481,  495,  510,  515,  516,  519,  525,  532,  540,
        563,  565,  576,  593,  603,  619,  625,  639,  644,  646,  655,
        659,  689,  706,  718,  737,  749,  768,  773,  778,  797,  798,
        830,  836,  837,  844,  892,  906,  911,  922,  946,  948,  954,
        971,  988, 1002, 1004, 1011, 1043, 1060, 1064, 1069, 1090, 1101,
       1107, 1110, 1112, 1142, 1143, 1159, 1179, 1180, 1192, 1195, 1200,
       1202, 1214, 1220, 1234, 1248, 1252, 1280, 1281, 1298, 1310, 1331,
       1342, 1352, 1363, 1368, 1381, 1393, 1408, 1425, 1428, 1436, 1444,
       1451, 1472, 1475, 1489, 1518, 1525, 1543, 1553, 1559, 1580, 1586,
       1588, 1607, 1612, 1637, 1639, 1666, 1671, 1675, 1684, 1697, 1699,
       1703, 1711, 1735, 1776, 1796, 1837, 1843, 1846, 1866, 1881, 1886,
       1904, 1930, 1950, 1955, 1964, 2009, 2026, 2028, 2031, 2032, 2034,
       2036, 2069, 2089, 2092, 2108, 2114, 2127, 2142, 2143, 2181, 2188,
       2192, 2193, 2197, 2201, 2204, 2208, 2211, 2214, 2217, 2221, 2224,
       2243, 2248, 2255, 2257, 2258, 2267, 2270, 2283, 2297, 2302, 2331,
       2334, 2351, 2361, 2375, 2385, 2394, 2408, 2435, 2457, 2461, 2484,
       2489, 2497, 2510, 2516, 2534, 2538, 2545, 2552, 2557, 2560, 2579,
       2589, 2595, 2608, 2613, 2655, 2662, 2666, 2668, 2691, 2698, 2723,
       2724, 2727, 2728, 2739, 2747, 2755, 2773, 2782, 2804, 2812, 2819,
       2826, 2829, 2846, 2850, 2861, 2869, 2876, 2880, 2882, 2884, 2924,
       2937, 2944, 2951, 2977, 2985, 2989, 3010, 3042, 3048, 3049, 3057,
       3059, 3061, 3089, 3105, 3106, 3113, 3114, 3119, 3121, 3124, 3133,
       3136, 3139, 3154, 3168, 3178, 3188, 3203, 3208, 3221, 3227, 3232,
       3247, 3255, 3270, 3287, 3290, 3292]),)",,,,,,,,,,,,
model_5,,2000.0,,,,0.8364179104477613,71.39,95.64,16.48,"(array([   5,   10,   12,   17,   18,   27,   36,   37,   40,   48,   51,
         52,   58,   66,   67,   82,   94,  104,  107,  108,  113,  129,
        132,  150,  155,  159,  161,  164,  178,  179,  187,  188,  191,
        201,  202,  209,  220,  223,  227,  229,  237,  244,  249,  252,
        272,  276,  278,  280,  286,  288,  291,  296,  305,  308,  312,
        314,  316,  330,  333,  335,  337,  338,  350,  352,  363,  369,
        374,  375,  381,  396,  401,  406,  409,  413,  421,  435,  439,
        443,  451,  469,  481,  487,  510,  515,  519,  523,  528,  532,
        540,  541,  542,  551,  558,  563,  580,  586,  606,  619,  623,
        625,  633,  637,  646,  649,  652,  655,  657,  659,  667,  684,
        693,  694,  697,  699,  701,  706,  707,  710,  734,  751,  768,
        776,  793,  794,  796,  797,  808,  809,  811,  817,  818,  819,
        822,  825,  828,  830,  837,  838,  848,  849,  853,  861,  862,
        864,  871,  878,  887,  892,  893,  903,  905,  909,  911,  917,
        918,  923,  930,  931,  936,  946,  951,  958,  960,  963,  970,
        971,  975,  978,  982,  995,  996, 1000, 1002, 1004, 1006, 1011,
       1017, 1021, 1026, 1031, 1035, 1041, 1056, 1060, 1069, 1087, 1090,
       1094, 1101, 1103, 1110, 1112, 1115, 1116, 1117, 1121, 1129, 1134,
       1142, 1144, 1146, 1149, 1163, 1164, 1170, 1175, 1179, 1192, 1197,
       1200, 1202, 1208, 1214, 1217, 1220, 1225, 1228, 1238, 1247, 1248,
       1252, 1284, 1292, 1298, 1299, 1331, 1343, 1349, 1356, 1359, 1367,
       1372, 1378, 1382, 1388, 1391, 1393, 1396, 1403, 1408, 1411, 1422,
       1423, 1425, 1428, 1443, 1450, 1451, 1454, 1472, 1477, 1479, 1489,
       1497, 1499, 1516, 1517, 1525, 1528, 1539, 1540, 1543, 1548, 1551,
       1553, 1554, 1556, 1559, 1564, 1577, 1586, 1588, 1592, 1597, 1606,
       1607, 1608, 1610, 1626, 1632, 1637, 1646, 1654, 1666, 1667, 1668,
       1675, 1684, 1702, 1720, 1742, 1744, 1758, 1771, 1782, 1795, 1796,
       1808, 1809, 1817, 1819, 1824, 1837, 1839, 1845, 1849, 1861, 1871,
       1892, 1904, 1914, 1915, 1928, 1930, 1935, 1938, 1945, 1960, 1964,
       1972, 1974, 1978, 1982, 2017, 2026, 2037, 2040, 2044, 2060, 2069,
       2074, 2089, 2091, 2092, 2094, 2098, 2114, 2122, 2124, 2127, 2131,
       2132, 2142, 2149, 2150, 2151, 2176, 2181, 2194, 2201, 2202, 2208,
       2219, 2228, 2231, 2235, 2248, 2250, 2254, 2255, 2258, 2260, 2265,
       2267, 2273, 2279, 2286, 2288, 2292, 2294, 2295, 2296, 2300, 2302,
       2303, 2306, 2307, 2311, 2314, 2318, 2331, 2351, 2354, 2357, 2358,
       2364, 2375, 2383, 2385, 2387, 2390, 2392, 2394, 2402, 2408, 2410,
       2411, 2423, 2425, 2433, 2453, 2459, 2481, 2502, 2507, 2510, 2511,
       2512, 2514, 2516, 2523, 2531, 2542, 2549, 2550, 2552, 2557, 2567,
       2570, 2575, 2598, 2600, 2608, 2609, 2611, 2612, 2613, 2614, 2619,
       2625, 2644, 2661, 2662, 2668, 2676, 2682, 2683, 2691, 2693, 2698,
       2705, 2710, 2711, 2712, 2714, 2715, 2716, 2718, 2720, 2727, 2735,
       2737, 2739, 2744, 2747, 2751, 2763, 2768, 2770, 2773, 2775, 2778,
       2779, 2782, 2804, 2811, 2815, 2822, 2825, 2834, 2840, 2851, 2857,
       2861, 2870, 2876, 2877, 2882, 2892, 2895, 2899, 2923, 2932, 2937,
       2940, 2950, 2951, 2963, 2970, 2977, 2982, 2984, 2992, 2996, 3003,
       3010, 3016, 3021, 3027, 3049, 3059, 3066, 3067, 3072, 3073, 3080,
       3081, 3086, 3092, 3100, 3102, 3106, 3109, 3119, 3121, 3123, 3127,
       3130, 3133, 3138, 3139, 3154, 3157, 3168, 3169, 3173, 3180, 3182,
       3191, 3193, 3205, 3213, 3214, 3217, 3221, 3226, 3227, 3260, 3261,
       3268, 3270, 3290, 3291, 3298]),)",,,,,,0.0,7.0,auto,100.0,,,
model_2,,,,,,0.9043283582089551,91.39,88.91,9.85,"(array([   2,   12,   13,   18,   52,   66,   74,   76,   82,   96,  104,
        110,  118,  129,  140,  150,  158,  174,  187,  191,  201,  209,
        223,  229,  240,  248,  274,  282,  292,  294,  296,  299,  308,
        310,  314,  316,  331,  339,  347,  367,  369,  377,  394,  396,
        402,  406,  409,  411,  421,  435,  469,  481,  495,  510,  515,
        516,  519,  525,  528,  532,  552,  563,  565,  580,  593,  603,
        617,  623,  629,  630,  639,  644,  645,  646,  655,  659,  667,
        679,  699,  706,  718,  749,  768,  773,  778,  797,  798,  830,
        836,  837,  844,  853,  887,  911,  922,  948,  954,  971, 1004,
       1043, 1060, 1061, 1064, 1083, 1094, 1101, 1103, 1107, 1110, 1142,
       1143, 1179, 1180, 1192, 1195, 1200, 1202, 1214, 1229, 1234, 1248,
       1252, 1254, 1271, 1281, 1298, 1299, 1301, 1308, 1310, 1331, 1342,
       1352, 1363, 1368, 1381, 1393, 1402, 1413, 1416, 1428, 1436, 1451,
       1472, 1475, 1479, 1489, 1518, 1519, 1521, 1525, 1543, 1548, 1553,
       1559, 1580, 1586, 1588, 1607, 1612, 1621, 1639, 1654, 1666, 1671,
       1675, 1697, 1699, 1703, 1711, 1735, 1771, 1776, 1796, 1805, 1837,
       1843, 1846, 1866, 1874, 1881, 1888, 1930, 1934, 1938, 1944, 1950,
       1958, 1964, 1974, 2009, 2026, 2031, 2033, 2034, 2036, 2069, 2084,
       2092, 2104, 2108, 2114, 2127, 2142, 2143, 2162, 2178, 2181, 2188,
       2192, 2193, 2197, 2201, 2204, 2211, 2214, 2217, 2221, 2224, 2243,
       2248, 2255, 2257, 2265, 2283, 2296, 2297, 2302, 2305, 2328, 2331,
       2334, 2349, 2351, 2361, 2385, 2394, 2402, 2408, 2443, 2453, 2457,
       2484, 2497, 2507, 2510, 2516, 2534, 2538, 2549, 2552, 2560, 2578,
       2580, 2586, 2589, 2591, 2608, 2613, 2619, 2627, 2655, 2663, 2668,
       2691, 2698, 2702, 2723, 2724, 2735, 2739, 2747, 2755, 2760, 2768,
       2773, 2782, 2792, 2804, 2812, 2819, 2826, 2830, 2846, 2861, 2869,
       2876, 2882, 2884, 2924, 2951, 2977, 2982, 2985, 2989, 2993, 3010,
       3048, 3057, 3059, 3061, 3063, 3081, 3089, 3100, 3105, 3106, 3114,
       3119, 3124, 3136, 3154, 3168, 3178, 3185, 3208, 3221, 3227, 3232,
       3247, 3255, 3263, 3268, 3290, 3292]),)",0.85,6000.0,1.0,"(1, 2)",,,,,,,,
model_4,,,,,,0.9173134328358209,88.36,93.88,8.88,"(array([   2,   10,   12,   44,   52,   58,   64,   67,   94,  100,  106,
        110,  132,  135,  139,  165,  178,  187,  191,  209,  249,  276,
        279,  291,  294,  296,  298,  299,  310,  314,  333,  346,  347,
        351,  369,  381,  396,  398,  400,  402,  403,  406,  409,  413,
        421,  435,  443,  461,  481,  511,  515,  519,  528,  532,  540,
        551,  552,  563,  565,  587,  603,  617,  619,  623,  625,  637,
        646,  655,  656,  659,  672,  701,  706,  759,  768,  778,  797,
        830,  836,  849,  861,  887,  892,  903,  906,  911,  918,  922,
        933,  946,  948,  954,  958,  970,  978, 1002, 1004, 1011, 1021,
       1064, 1069, 1094, 1101, 1107, 1110, 1113, 1134, 1142, 1175, 1179,
       1180, 1189, 1192, 1195, 1200, 1202, 1220, 1225, 1238, 1241, 1248,
       1280, 1299, 1306, 1331, 1352, 1363, 1372, 1388, 1391, 1396, 1408,
       1411, 1423, 1428, 1451, 1472, 1478, 1489, 1497, 1516, 1525, 1531,
       1543, 1545, 1554, 1559, 1567, 1586, 1588, 1607, 1608, 1612, 1621,
       1626, 1639, 1646, 1667, 1675, 1684, 1735, 1771, 1776, 1796, 1819,
       1837, 1839, 1843, 1874, 1938, 1944, 1950, 1964, 1967, 1970, 1974,
       1975, 2022, 2026, 2028, 2034, 2036, 2060, 2069, 2088, 2092, 2104,
       2108, 2122, 2143, 2145, 2150, 2159, 2160, 2181, 2188, 2192, 2201,
       2208, 2214, 2224, 2243, 2248, 2255, 2257, 2258, 2260, 2265, 2297,
       2299, 2302, 2303, 2314, 2328, 2331, 2351, 2354, 2375, 2394, 2408,
       2453, 2468, 2481, 2484, 2504, 2507, 2510, 2516, 2523, 2531, 2549,
       2557, 2567, 2608, 2613, 2629, 2650, 2655, 2668, 2670, 2691, 2698,
       2705, 2711, 2724, 2747, 2773, 2778, 2779, 2782, 2788, 2793, 2812,
       2814, 2819, 2830, 2838, 2876, 2882, 2884, 2892, 2925, 2937, 2940,
       2944, 2951, 2969, 2977, 3000, 3010, 3057, 3059, 3061, 3081, 3089,
       3100, 3109, 3113, 3119, 3124, 3130, 3133, 3151, 3154, 3168, 3169,
       3178, 3203, 3221, 3239, 3247, 3260, 3292]),)",0.85,7000.0,1.0,"(1, 2)",english,,,,,,,
model_6,,,,,,0.8343283582089553,70.18,94.79,17.52,"(array([   5,   10,   12,   17,   18,   27,   36,   37,   40,   48,   51,
         52,   58,   59,   66,   67,   76,   82,   94,  103,  104,  107,
        108,  113,  129,  132,  155,  159,  161,  164,  178,  179,  187,
        188,  192,  201,  209,  220,  223,  229,  237,  244,  249,  252,
        272,  276,  278,  280,  286,  288,  291,  296,  301,  305,  308,
        312,  314,  316,  326,  330,  333,  334,  335,  338,  350,  358,
        363,  369,  374,  381,  396,  406,  409,  412,  413,  421,  431,
        435,  439,  443,  451,  461,  478,  481,  487,  510,  515,  519,
        523,  528,  532,  540,  542,  551,  558,  563,  580,  586,  603,
        606,  619,  623,  625,  633,  637,  646,  649,  652,  655,  657,
        659,  684,  685,  693,  694,  699,  701,  706,  707,  710,  719,
        734,  751,  768,  773,  776,  793,  794,  796,  797,  805,  808,
        809,  817,  818,  819,  822,  825,  828,  830,  837,  838,  848,
        849,  853,  861,  862,  864,  871,  878,  887,  892,  893,  903,
        905,  909,  911,  917,  918,  923,  930,  931,  936,  946,  951,
        958,  960,  963,  970,  971,  978,  982,  987,  992,  995,  996,
       1000, 1002, 1004, 1006, 1010, 1011, 1017, 1021, 1026, 1031, 1035,
       1041, 1056, 1060, 1069, 1081, 1087, 1090, 1094, 1101, 1103, 1110,
       1112, 1115, 1117, 1121, 1128, 1129, 1134, 1142, 1144, 1146, 1149,
       1163, 1164, 1170, 1175, 1192, 1197, 1200, 1202, 1208, 1214, 1217,
       1220, 1225, 1228, 1238, 1241, 1247, 1248, 1252, 1266, 1284, 1292,
       1298, 1299, 1325, 1331, 1349, 1356, 1359, 1367, 1372, 1382, 1388,
       1391, 1393, 1396, 1403, 1408, 1411, 1422, 1423, 1425, 1428, 1435,
       1450, 1451, 1454, 1460, 1465, 1472, 1477, 1479, 1489, 1497, 1499,
       1516, 1517, 1525, 1528, 1539, 1540, 1543, 1548, 1551, 1553, 1554,
       1556, 1559, 1564, 1577, 1586, 1588, 1592, 1597, 1606, 1607, 1608,
       1624, 1626, 1632, 1637, 1639, 1646, 1654, 1666, 1667, 1668, 1675,
       1684, 1688, 1702, 1720, 1742, 1744, 1758, 1763, 1770, 1771, 1782,
       1795, 1796, 1804, 1805, 1808, 1809, 1817, 1819, 1824, 1837, 1839,
       1845, 1849, 1861, 1871, 1892, 1904, 1914, 1915, 1935, 1938, 1950,
       1960, 1964, 1972, 1974, 1978, 1982, 2017, 2026, 2037, 2040, 2044,
       2052, 2060, 2069, 2074, 2089, 2091, 2092, 2094, 2098, 2116, 2122,
       2124, 2127, 2131, 2142, 2147, 2149, 2150, 2151, 2176, 2178, 2181,
       2188, 2194, 2201, 2202, 2208, 2216, 2219, 2228, 2231, 2235, 2248,
       2250, 2254, 2255, 2258, 2260, 2265, 2271, 2273, 2286, 2288, 2292,
       2294, 2296, 2300, 2302, 2303, 2306, 2311, 2314, 2318, 2331, 2351,
       2352, 2354, 2357, 2358, 2364, 2369, 2375, 2383, 2385, 2387, 2390,
       2392, 2394, 2402, 2408, 2410, 2411, 2423, 2425, 2431, 2433, 2443,
       2447, 2453, 2459, 2481, 2502, 2510, 2511, 2512, 2514, 2516, 2523,
       2531, 2532, 2536, 2549, 2550, 2552, 2557, 2567, 2570, 2575, 2595,
       2600, 2608, 2611, 2612, 2613, 2614, 2619, 2625, 2644, 2657, 2661,
       2662, 2668, 2676, 2679, 2682, 2683, 2689, 2691, 2693, 2697, 2698,
       2705, 2711, 2712, 2713, 2714, 2715, 2716, 2718, 2720, 2727, 2735,
       2737, 2739, 2744, 2747, 2751, 2760, 2763, 2768, 2770, 2773, 2775,
       2778, 2779, 2782, 2786, 2804, 2811, 2815, 2822, 2830, 2834, 2840,
       2857, 2861, 2876, 2877, 2879, 2882, 2885, 2886, 2892, 2895, 2899,
       2922, 2923, 2932, 2934, 2937, 2940, 2950, 2951, 2963, 2970, 2971,
       2977, 2982, 2984, 2991, 2992, 2993, 2996, 3003, 3010, 3015, 3016,
       3021, 3027, 3049, 3059, 3061, 3066, 3067, 3072, 3073, 3080, 3081,
       3086, 3092, 3100, 3102, 3104, 3106, 3109, 3119, 3121, 3123, 3127,
       3130, 3133, 3138, 3139, 3157, 3168, 3169, 3173, 3180, 3182, 3191,
       3193, 3205, 3212, 3213, 3214, 3217, 3219, 3221, 3226, 3227, 3255,
       3262, 3268, 3270, 3290, 3291, 3298]),)",1.0,6000.0,2.0,,,0.0,7.0,auto,100.0,,,
model_8,,,,,,0.916268656716418,90.73,91.64,8.82,"(array([   2,   58,   66,   67,   76,   94,  104,  110,  129,  132,  136,
        165,  178,  185,  187,  191,  209,  243,  249,  266,  274,  276,
        277,  279,  292,  294,  296,  299,  308,  310,  314,  336,  339,
        346,  347,  369,  381,  396,  402,  406,  409,  413,  421,  427,
        435,  443,  498,  515,  525,  528,  532,  540,  552,  563,  565,
        603,  617,  619,  623,  625,  637,  646,  659,  667,  701,  706,
        747,  759,  768,  772,  778,  797,  844,  849,  861,  892,  906,
        911,  918,  922,  933,  948,  951,  954,  958,  970,  978,  986,
       1002, 1004, 1021, 1022, 1060, 1064, 1083, 1094, 1101, 1110, 1134,
       1143, 1149, 1175, 1180, 1181, 1189, 1192, 1195, 1202, 1214, 1220,
       1234, 1248, 1252, 1254, 1265, 1280, 1283, 1306, 1311, 1331, 1352,
       1368, 1381, 1391, 1393, 1396, 1408, 1411, 1423, 1428, 1444, 1451,
       1472, 1484, 1489, 1497, 1525, 1543, 1545, 1554, 1559, 1586, 1588,
       1608, 1612, 1626, 1637, 1639, 1646, 1666, 1667, 1675, 1684, 1703,
       1735, 1742, 1771, 1776, 1796, 1819, 1822, 1837, 1839, 1843, 1845,
       1874, 1886, 1888, 1930, 1934, 1944, 1950, 1964, 1967, 1970, 1974,
       2009, 2026, 2028, 2034, 2036, 2060, 2063, 2069, 2079, 2104, 2108,
       2122, 2142, 2143, 2150, 2151, 2159, 2170, 2181, 2188, 2192, 2201,
       2214, 2221, 2224, 2236, 2243, 2255, 2258, 2260, 2265, 2267, 2303,
       2314, 2328, 2331, 2334, 2351, 2354, 2364, 2375, 2385, 2394, 2408,
       2435, 2453, 2481, 2484, 2504, 2516, 2520, 2523, 2534, 2549, 2557,
       2560, 2591, 2595, 2608, 2613, 2634, 2655, 2663, 2668, 2691, 2705,
       2724, 2735, 2739, 2773, 2778, 2779, 2782, 2799, 2812, 2819, 2826,
       2830, 2861, 2876, 2882, 2884, 2925, 2944, 2951, 2969, 2971, 2977,
       2983, 2985, 3048, 3057, 3061, 3089, 3100, 3104, 3106, 3109, 3119,
       3124, 3127, 3130, 3154, 3168, 3169, 3178, 3180, 3203, 3221, 3223,
       3227, 3247, 3255, 3260, 3292]),)",0.85,5000.0,2.0,,,,,,,1.0,,
model_10,,,,,,0.9232835820895522,90.36,94.0,7.82,"(array([   0,    2,   12,   36,   52,   58,   66,   67,   76,   94,  104,
        110,  113,  129,  132,  136,  164,  165,  187,  201,  209,  249,
        274,  276,  277,  292,  294,  296,  299,  308,  310,  314,  316,
        333,  347,  369,  381,  406,  409,  413,  421,  435,  443,  481,
        510,  515,  528,  532,  540,  552,  563,  565,  603,  617,  619,
        623,  625,  637,  646,  659,  667,  706,  749,  768,  778,  797,
        844,  849,  861,  871,  892,  903,  906,  911,  918,  948,  954,
        958,  970,  971,  978, 1002, 1004, 1011, 1021, 1064, 1083, 1094,
       1101, 1110, 1134, 1143, 1175, 1179, 1180, 1189, 1192, 1195, 1202,
       1214, 1220, 1229, 1234, 1248, 1254, 1280, 1298, 1306, 1331, 1363,
       1368, 1381, 1391, 1393, 1396, 1411, 1428, 1443, 1444, 1451, 1472,
       1489, 1497, 1543, 1545, 1554, 1559, 1586, 1588, 1608, 1626, 1637,
       1639, 1666, 1675, 1684, 1703, 1735, 1771, 1776, 1796, 1819, 1822,
       1837, 1839, 1843, 1886, 1888, 1930, 1938, 1944, 1950, 1964, 1967,
       1974, 2009, 2026, 2028, 2034, 2036, 2060, 2069, 2092, 2104, 2108,
       2114, 2122, 2127, 2142, 2143, 2150, 2151, 2181, 2192, 2201, 2214,
       2219, 2236, 2243, 2255, 2260, 2265, 2267, 2283, 2296, 2303, 2331,
       2351, 2354, 2375, 2385, 2394, 2408, 2410, 2453, 2481, 2484, 2504,
       2507, 2510, 2516, 2549, 2557, 2560, 2580, 2595, 2608, 2613, 2655,
       2663, 2668, 2686, 2691, 2705, 2724, 2735, 2739, 2747, 2773, 2778,
       2779, 2782, 2812, 2819, 2826, 2830, 2876, 2882, 2884, 2925, 2944,
       2950, 2951, 2977, 2993, 3010, 3049, 3057, 3061, 3089, 3100, 3106,
       3119, 3124, 3127, 3154, 3168, 3169, 3178, 3203, 3221, 3227, 3247,
       3255, 3260, 3268, 3292, 3298]),)",0.85,6000.0,1.0,,,,,,,,1.0,rbf
